{"cameraMode":{"drawMode":0,"name":"Shaded","section":"Shading Mode"},"sceneLighting":false,"audioPlay":false,"sceneViewState":{"showFog":true,"showMaterialUpdate":false,"showSkybox":false,"showFlares":true,"showImageEffects":true,"showParticleSystems":true},"in2DMode":false,"pivot":{"x":4.84375,"y":4.8974609375,"z":1.2667007446289063},"rotation":{"x":0.13526776432991029,"y":-0.5375425815582275,"z":0.08785166591405869,"w":0.8276686072349548},"size":21.292600631713868,"orthographic":true}