{"cameraMode":{"drawMode":0,"name":"Shaded","section":"Shading Mode"},"sceneLighting":false,"audioPlay":false,"sceneViewState":{"showFog":true,"showMaterialUpdate":false,"showSkybox":false,"showFlares":true,"showImageEffects":true,"showParticleSystems":true},"in2DMode":false,"pivot":{"x":0.510381817817688,"y":2.0438594818115236,"z":-2.240509033203125},"rotation":{"x":0.16790175437927247,"y":-0.6794639229774475,"z":0.16411755979061128,"w":0.6951333284378052},"size":0.404790997505188,"orthographic":true}