{"cameraMode":{"drawMode":0,"name":"Shaded","section":"Shading Mode"},"sceneLighting":false,"audioPlay":false,"sceneViewState":{"showFog":true,"showMaterialUpdate":false,"showSkybox":false,"showFlares":true,"showImageEffects":true,"showParticleSystems":true},"in2DMode":false,"pivot":{"x":10.329999923706055,"y":5.599999904632568,"z":0.0},"rotation":{"x":0.23106354475021363,"y":-0.13520947098731996,"z":0.03244433179497719,"w":0.9629555940628052},"size":4.2235331535339359,"orthographic":true}