{"cameraMode":{"drawMode":0,"name":"Shaded","section":"Shading Mode"},"sceneLighting":false,"audioPlay":false,"sceneViewState":{"showFog":true,"showMaterialUpdate":false,"showSkybox":false,"showFlares":true,"showImageEffects":true,"showParticleSystems":true},"in2DMode":false,"pivot":{"x":12.1102294921875,"y":2.373748779296875,"z":0.44921875},"rotation":{"x":0.3303798735141754,"y":-0.06364047527313233,"z":0.02234039641916752,"w":0.941449761390686},"size":37.254493713378909,"orthographic":true}